{"cameraMode":{"drawMode":0,"name":"Shaded","section":"Shading Mode"},"sceneLighting":true,"audioPlay":false,"sceneViewState":{"m_AlwaysRefresh":false,"showFog":true,"showSkybox":true,"showFlares":true,"showImageEffects":true,"showParticleSystems":true,"showVisualEffectGraphs":true,"m_FxEnabled":true},"in2DMode":false,"pivot":{"x":634.8544311523438,"y":-0.0011089090257883072,"z":460.1274108886719},"rotation":{"x":-0.26845237612724306,"y":0.1967833936214447,"z":-0.05616667494177818,"w":-0.9413639903068543},"size":13.607084274291993,"orthographic":false}